{
    "plugins": [ "theme-api","collapsible-chapters","disqus"],
    "root": "./docs",
    "pluginsConfig": {
        "theme-api": {
            "languages": [
                {
                    "lang": "js",
                    "name": "JavaScript",
                    "default": true
                },
                {
                    "lang": "go",
                    "name": "Go"
                }
            ]
        },
        "disqus":{
            "shortName": "powerquery"
        }
    }
}
